dmd_type,dmd_id,dmd_name,bnf_code
AMP,34782411000001102,Busulfan 2mg tablets,0801010B0AAABAB
AMP,31880111000001103,Busulfan 2mg tablets,0801010B0AAABAB
AMP,29934411000001106,Busulfan 2mg tablets,0801010B0AAABAB
VMP,12288011000001108,Busulfan 2mg/5ml oral solution,0801010B0AAADAD
VMP,12288111000001109,Busulfan 2mg/5ml oral suspension,0801010B0AAADAD
AMP,12241611000001104,Busulfan 2mg/5ml oral solution,0801010B0AAADAD
AMP,12241211000001101,Busulfan 2mg/5ml oral suspension,0801010B0AAADAD
VMP,7533111000001100,Busulfan 60mg/10ml solution for infusion ampoules,0801010B0AAAEAE
VMP,13961411000001100,Busulfan 25mg capsules,0801010B0AAAFAF
AMP,13961611000001102,Busulfan 25mg capsules,0801010B0AAAFAF
VMP,35853711000001102,Busulfan 60mg/10ml solution for infusion vials,0801010B0AAAGAG
AMP,35850011000001109,Busulfan 60mg/10ml concentrate for solution for infusion vials,0801010B0AAAGAG
AMP,36687511000001100,Busulfan 60mg/10ml concentrate for solution for infusion vials,0801010B0AAAGAG
AMP,36538011000001109,Busulfan 60mg/10ml concentrate for solution for infusion vials,0801010B0AAAGAG
AMP,3929011000001103,Myleran 2mg tablets,0801010B0BBABAB
AMP,7533311000001103,Busilvex 60mg/10ml concentrate for solution for infusion ampoules,0801010B0BCAAAE
AMP,23118711000001104,Chlorambucil 2mg tablets,0801010F0AAAAAA
AMP,28093711000001101,Chlorambucil 2mg tablets,0801010F0AAAAAA
AMP,22836011000001109,Chlorambucil 2mg tablets,0801010F0AAAAAA
VMP,4651711000001101,Chlorambucil 5mg tablets,0801010F0AAABAB
AMP,3813911000001102,Leukeran 2mg tablets,0801010F0BBAAAA
AMP,4625511000001105,Leukeran 5mg tablets,0801010F0BBABAB
AMP,3965111000001108,Estracyt 140mg capsules,0801010J0BBAAAA
AMP,15874311000001103,Lomustine 10mg capsules,0801010Q0AAAAAA
AMP,8170311000001107,Lomustine 40mg capsules,0801010Q0AAABAB
AMP,4367011000001108,Lomustine 40mg capsules,0801010Q0AAABAB
AMP,15874011000001101,Lomustine 100mg capsules,0801010Q0AAADAD
AMP,10639111000001104,CeeNU 10mg capsules,0801010Q0BBACAA
AMP,10638811000001104,CeeNU 100mg capsules,0801010Q0BBADAD
AMP,23361911000001104,Melphalan 2mg tablets,0801010S0AAABAB
AMP,28094111000001100,Melphalan 2mg tablets,0801010S0AAABAB
AMP,23326611000001106,Melphalan 2mg tablets,0801010S0AAABAB
VMP,4843711000001105,Melphalan 5mg tablets,0801010S0AAACAC
VMP,36041711000001103,Melphalan 50mg powder and solvent for solution for injection vials,0801010S0AAADAD
AMP,22680611000001100,Melphalan 50mg powder and solvent for solution for injection vials,0801010S0AAADAD
AMP,23179111000001104,Melphalan 50mg powder and solvent for solution for injection vials,0801010S0AAADAD
AMP,22522211000001103,Melphalan 50mg powder and solvent for solution for injection vials,0801010S0AAADAD
AMP,36933211000001101,Melphalan 50mg powder and solvent for solution for injection vials,0801010S0AAADAD
AMP,36493611000001107,Melphalan 50mg powder and solvent for solution for injection vials,0801010S0AAADAD
AMP,4038811000001107,Alkeran 2mg tablets,0801010S0BBAAAB
AMP,4840911000001104,Alkeran 5mg tablets,0801010S0BBABAC
AMP,4619811000001101,Alkeran 50mg powder and solvent for solution for injection vials,0801010S0BBADAD
VMP,36045511000001106,Idarubicin 10mg/10ml solution for injection vials,0801020P0AAAFAF
AMP,22785711000001106,Idarubicin 10mg/10ml solution for injection vials,0801020P0AAAFAF
AMP,34704011000001104,Idarubicin 10mg/10ml solution for injection vials,0801020P0AAAFAF
AMP,22705211000001100,Idarubicin 10mg/10ml solution for injection vials,0801020P0AAAFAF
VMP,36045711000001101,Idarubicin 5mg/5ml solution for injection vials,0801020P0AAAGAG
AMP,22785511000001101,Idarubicin 5mg/5ml solution for injection vials,0801020P0AAAGAG
AMP,34703111000001100,Idarubicin 5mg/5ml solution for injection vials,0801020P0AAAGAG
AMP,22705511000001102,Idarubicin 5mg/5ml solution for injection vials,0801020P0AAAGAG
AMP,4455911000001100,Zavedos 5mg powder for solution for injection vials,0801020P0BBAAAA
AMP,4456211000001103,Zavedos 10mg powder for solution for injection vials,0801020P0BBABAB
AMP,4455011000001104,Zavedos 10mg capsules,0801020P0BBACAD
AMP,4455411000001108,Zavedos 25mg capsules,0801020P0BBADAE
AMP,4454611000001105,Zavedos 5mg capsules,0801020P0BBAEAC
AMP,40380311000001106,Zavedos 5mg/5ml solution for injection vials,0801020P0BBAFAG
AMP,40380511000001100,Zavedos 10mg/10ml solution for injection vials,0801020P0BBAGAF
VMP,15242511000001109,Azacitidine 100mg powder for suspension for injection vials,0801030ACAAAAAA
AMP,38237411000001103,Azacitidine 100mg powder for suspension for injection vials,0801030ACAAAAAA
AMP,39536911000001100,Azacitidine 100mg powder for suspension for injection vials,0801030ACAAAAAA
AMP,40168911000001100,Azacitidine 100mg powder for suspension for injection vials,0801030ACAAAAAA
AMP,39675611000001106,Azacitidine 100mg powder for suspension for injection vials,0801030ACAAAAAA
AMP,38498711000001102,Azacitidine 100mg powder for suspension for injection vials,0801030ACAAAAAA
AMP,40864511000001105,Azacitidine 100mg powder for suspension for injection vials,0801030ACAAAAAA
AMP,38688311000001104,Azacitidine 100mg powder for suspension for injection vials,0801030ACAAAAAA
AMP,38301811000001108,Azacitidine 100mg powder for suspension for injection vials,0801030ACAAAAAA
VMP,41329411000001109,Azacitidine 150mg powder for suspension for injection vials,0801030ACAAACAC
AMP,41314711000001108,Azacitidine 150mg powder for suspension for injection vials,0801030ACAAACAC
AMP,15236711000001104,Vidaza 100mg powder for suspension for injection vials,0801030ACBBAAAA
VMP,20419211000001101,Generic Teysuno 15mg/4.35mg/11.8mg capsules,0801030ADAAAAAA
VMP,20419311000001109,Generic Teysuno 20mg/5.8mg/15.8mg capsules,0801030ADAAABAB
AMP,20367111000001105,Teysuno 15mg/4.35mg/11.8mg capsules,0801030ADBBAAAA
AMP,20366511000001103,Teysuno 20mg/5.8mg/15.8mg capsules,0801030ADBBABAB
VMP,32977311000001103,Trifluridine 15mg / Tipiracil 6.14mg tablets,0801030AFAAAAAA
VMP,32977411000001105,Trifluridine 20mg / Tipiracil 8.19mg tablets,0801030AFAAABAB
AMP,32975511000001100,Lonsurf 15mg/6.14mg tablets,0801030AFBBAAAA
AMP,32976011000001104,Lonsurf 20mg/8.19mg tablets,0801030AFBBABAB
VMP,37899311000001107,Gilteritinib 40mg tablets,0801030AGAAAAAA
AMP,37890311000001103,Xospata 40mg tablets,0801030AGBBAAAA
AMP,4453011000001100,Uftoral capsules,0801030S0BCAAAB
AMP,37192411000001100,Tioguanine 40mg tablets,0801030T0AAAAAA
AMP,28095411000001106,Tioguanine 40mg tablets,0801030T0AAAAAA
AMP,22520911000001108,Tioguanine 40mg tablets,0801030T0AAAAAA
VMP,18684611000001101,Tioguanine 10mg capsules,0801030T0AAACAC
AMP,18677311000001108,Tioguanine 10mg capsules,0801030T0AAACAC
AMP,4200711000001102,Lanvis 40mg tablets,0801030T0BBAAAA
AMP,23640311000001108,Capecitabine 500mg tablets,0801030V0AAAAAA
AMP,27856711000001109,Capecitabine 500mg tablets,0801030V0AAAAAA
AMP,24200411000001106,Capecitabine 500mg tablets,0801030V0AAAAAA
AMP,41497511000001100,Capecitabine 500mg tablets,0801030V0AAAAAA
AMP,24656211000001103,Capecitabine 500mg tablets,0801030V0AAAAAA
AMP,41417111000001105,Capecitabine 500mg tablets,0801030V0AAAAAA
AMP,33655711000001103,Capecitabine 500mg tablets,0801030V0AAAAAA
AMP,24574711000001105,Capecitabine 500mg tablets,0801030V0AAAAAA
AMP,24560011000001107,Capecitabine 500mg tablets,0801030V0AAAAAA
AMP,23668911000001102,Capecitabine 500mg tablets,0801030V0AAAAAA
AMP,24375411000001101,Capecitabine 500mg tablets,0801030V0AAAAAA
AMP,23640111000001106,Capecitabine 150mg tablets,0801030V0AAABAB
AMP,27855611000001105,Capecitabine 150mg tablets,0801030V0AAABAB
AMP,24200211000001107,Capecitabine 150mg tablets,0801030V0AAABAB
AMP,41497311000001106,Capecitabine 150mg tablets,0801030V0AAABAB
AMP,28003411000001105,Capecitabine 150mg tablets,0801030V0AAABAB
AMP,41416911000001105,Capecitabine 150mg tablets,0801030V0AAABAB
AMP,33655111000001104,Capecitabine 150mg tablets,0801030V0AAABAB
AMP,24559811000001100,Capecitabine 150mg tablets,0801030V0AAABAB
AMP,23668711000001104,Capecitabine 150mg tablets,0801030V0AAABAB
AMP,24375211000001100,Capecitabine 150mg tablets,0801030V0AAABAB
VMP,24407611000001109,Capecitabine 300mg tablets,0801030V0AAACAC
AMP,27044711000001102,Capecitabine 300mg tablets,0801030V0AAACAC
AMP,27856011000001107,Capecitabine 300mg tablets,0801030V0AAACAC
AMP,24376511000001109,Capecitabine 300mg tablets,0801030V0AAACAC
AMP,4445511000001105,Xeloda 500mg tablets,0801030V0BBAAAA
AMP,4445211000001107,Xeloda 150mg tablets,0801030V0BBABAB
AMP,18876211000001106,Fludarabine phosphate 50mg powder for solution for injection vials,0801030W0AAABAB
AMP,36464311000001102,Fludarabine phosphate 50mg powder for solution for injection vials,0801030W0AAABAB
AMP,14781911000001101,Fludarabine phosphate 50mg powder for solution for injection vials,0801030W0AAABAB
AMP,17847211000001104,Fludarabine phosphate 50mg powder for solution for injection vials,0801030W0AAABAB
VMP,12540011000001107,Fludarabine phosphate 50mg/2ml solution for injection vials,0801030W0AAACAC
AMP,23472211000001101,Fludarabine phosphate 50mg/2ml concentrate for solution for injection vials,0801030W0AAACAC
AMP,31092511000001106,Fludarabine phosphate 50mg/2ml concentrate for solution for injection vials,0801030W0AAACAC
AMP,12532811000001101,Fludarabine phosphate 50mg/2ml concentrate for solution for injection vials,0801030W0AAACAC
AMP,15158411000001108,Fludarabine phosphate 50mg/2ml concentrate for solution for injection vials,0801030W0AAACAC
AMP,13369011000001100,Fludarabine phosphate 50mg/2ml solution for injection vials,0801030W0AAACAC
AMP,4355111000001105,Fludara 10mg tablets,0801030W0BBAAAA
AMP,4846111000001104,Fludara 50mg powder for solution for injection vials,0801030W0BBABAB
VMP,36066111000001103,Etoposide 100mg/5ml solution for infusion vials,0801040D0AAADAD
AMP,18875011000001105,Etoposide 100mg/5ml concentrate for solution for infusion vials,0801040D0AAADAD
AMP,27950611000001109,Etoposide 100mg/5ml concentrate for solution for infusion vials,0801040D0AAADAD
AMP,30108611000001106,Etoposide 100mg/5ml concentrate for solution for infusion vials,0801040D0AAADAD
AMP,40539911000001107,Etoposide 100mg/5ml concentrate for solution for infusion vials,0801040D0AAADAD
AMP,36687011000001108,Etoposide 100mg/5ml concentrate for solution for infusion vials,0801040D0AAADAD
AMP,10532811000001105,Etoposide 100mg/5ml concentrate for solution for infusion vials,0801040D0AAADAD
AMP,35610211000001101,Etoposide 100mg/5ml concentrate for solution for infusion vials,0801040D0AAADAD
VMP,4747011000001100,Etoposide 200mg/10ml solution for infusion vials,0801040D0AAAEAE
AMP,36687211000001103,Etoposide 200mg/10ml concentrate for solution for infusion vials,0801040D0AAAEAE
AMP,4742011000001102,Etoposide 200mg/10ml solution for infusion vials,0801040D0AAAEAE
VMP,7654211000001102,Etoposide 500mg/25ml solution for infusion vials,0801040D0AAAFAF
AMP,18875311000001108,Etoposide 500mg/25ml concentrate for solution for infusion vials,0801040D0AAAFAF
AMP,35855611000001105,Etoposide 500mg/25ml concentrate for solution for infusion vials,0801040D0AAAFAF
AMP,40540111000001100,Etoposide 500mg/25ml concentrate for solution for infusion vials,0801040D0AAAFAF
AMP,34229511000001107,Etoposide 500mg/25ml concentrate for solution for infusion vials,0801040D0AAAFAF
AMP,10533011000001108,Etoposide 500mg/25ml concentrate for solution for infusion vials,0801040D0AAAFAF
AMP,35610011000001106,Etoposide 500mg/25ml concentrate for solution for infusion vials,0801040D0AAAFAF
AMP,4430311000001107,Vepesid 50mg capsules,0801040D0BBAAAA
AMP,4430611000001102,Vepesid 100mg capsules,0801040D0BBABAB
AMP,4430911000001108,Vepesid 100mg/5ml solution for infusion vials,0801040D0BBADAD
AMP,7659211000001103,Eposin 100mg/5ml concentrate for solution for infusion vials,0801040D0BCAAAD
AMP,7654411000001103,Eposin 500mg/25ml concentrate for solution for infusion vials,0801040D0BCABAF
AMP,4785711000001102,Etopophos 100mg powder for solution for injection vials,0801040D0BDAAAG
VMP,36150411000001106,Vinorelbine 10mg/1ml solution for infusion vials,0801040R0AAAAAA
AMP,19575811000001101,Vinorelbine 10mg/1ml concentrate for solution for infusion vials,0801040R0AAAAAA
AMP,15116311000001105,Vinorelbine 10mg/1ml concentrate for solution for infusion vials,0801040R0AAAAAA
AMP,10642011000001106,Vinorelbine 10mg/1ml concentrate for solution for infusion vials,0801040R0AAAAAA
AMP,10676411000001100,Vinorelbine 10mg/1ml concentrate for solution for infusion vials,0801040R0AAAAAA
AMP,9509411000001105,Vinorelbine 10mg/1ml solution for infusion vials,0801040R0AAAAAA
VMP,36150511000001105,Vinorelbine 50mg/5ml solution for infusion vials,0801040R0AAABAB
AMP,10356411000001106,Vinorelbine 50mg/5ml concentrate for solution for infusion vials,0801040R0AAABAB
AMP,15116111000001108,Vinorelbine 50mg/5ml concentrate for solution for infusion vials,0801040R0AAABAB
AMP,10642411000001102,Vinorelbine 50mg/5ml concentrate for solution for infusion vials,0801040R0AAABAB
AMP,10676611000001102,Vinorelbine 50mg/5ml concentrate for solution for infusion vials,0801040R0AAABAB
AMP,9510011000001107,Vinorelbine 50mg/5ml solution for infusion vials,0801040R0AAABAB
VMP,9526911000001101,Vinorelbine 20mg capsules,0801040R0AAACAC
AMP,37878911000001106,Vinorelbine 20mg capsules,0801040R0AAACAC
VMP,9527011000001102,Vinorelbine 30mg capsules,0801040R0AAADAD
AMP,37879311000001104,Vinorelbine 30mg capsules,0801040R0AAADAD
VMP,15518611000001109,Vinorelbine 80mg capsules,0801040R0AAAEAE
AMP,37880111000001101,Vinorelbine 80mg capsules,0801040R0AAAEAE
AMP,4800711000001108,Navelbine 10mg/1ml concentrate for solution for infusion vials,0801040R0BBAAAA
AMP,4804211000001109,Navelbine 50mg/5ml concentrate for solution for infusion vials,0801040R0BBABAB
AMP,9522511000001107,Navelbine 20mg capsules,0801040R0BBACAC
AMP,9522811000001105,Navelbine 30mg capsules,0801040R0BBADAD
AMP,15516911000001102,Navelbine 80mg capsules,0801040R0BBAEAE
VMP,39695811000001101,Imatinib 100mg capsules,0801050AAAAAAAA
AMP,34187811000001107,Imatinib 100mg capsules,0801050AAAAAAAA
AMP,34024011000001105,Imatinib 100mg capsules,0801050AAAAAAAA
VMP,39696111000001102,Imatinib 400mg tablets,0801050AAAAABAB
AMP,33867211000001100,Imatinib 400mg tablets,0801050AAAAABAB
AMP,34034611000001100,Imatinib 400mg tablets,0801050AAAAABAB
AMP,33757911000001103,Imatinib 400mg tablets,0801050AAAAABAB
AMP,41195711000001103,Imatinib 400mg tablets,0801050AAAAABAB
AMP,34025411000001100,Imatinib 400mg tablets,0801050AAAAABAB
AMP,33760711000001109,Imatinib 400mg tablets,0801050AAAAABAB
AMP,35245511000001101,Imatinib 400mg tablets,0801050AAAAABAB
AMP,34166611000001108,Imatinib 400mg tablets,0801050AAAAABAB
AMP,33750211000001108,Imatinib 400mg tablets,0801050AAAAABAB
AMP,34210011000001103,Imatinib 400mg tablets,0801050AAAAABAB
AMP,33959611000001106,Imatinib 400mg tablets,0801050AAAAABAB
AMP,37603911000001103,Imatinib 400mg tablets,0801050AAAAABAB
VMP,39696011000001103,Imatinib 100mg tablets,0801050AAAAACAC
AMP,33866911000001106,Imatinib 100mg tablets,0801050AAAAACAC
AMP,34034411000001103,Imatinib 100mg tablets,0801050AAAAACAC
AMP,33757711000001100,Imatinib 100mg tablets,0801050AAAAACAC
AMP,41194811000001105,Imatinib 100mg tablets,0801050AAAAACAC
AMP,34025211000001104,Imatinib 100mg tablets,0801050AAAAACAC
AMP,33760511000001104,Imatinib 100mg tablets,0801050AAAAACAC
AMP,35245311000001107,Imatinib 100mg tablets,0801050AAAAACAC
AMP,34166411000001105,Imatinib 100mg tablets,0801050AAAAACAC
AMP,33750411000001107,Imatinib 100mg tablets,0801050AAAAACAC
AMP,34209411000001100,Imatinib 100mg tablets,0801050AAAAACAC
AMP,33931011000001102,Imatinib 100mg tablets,0801050AAAAACAC
AMP,37603711000001100,Imatinib 100mg tablets,0801050AAAAACAC
VMP,39695911000001106,Imatinib 400mg capsules,0801050AAAAADAD
AMP,41531711000001103,Imatinib 400mg capsules,0801050AAAAADAD
AMP,34024411000001101,Imatinib 400mg capsules,0801050AAAAADAD
AMP,4332011000001100,Glivec 100mg capsules,0801050AABBAAAA
AMP,7319811000001103,Glivec 400mg tablets,0801050AABBABAB
AMP,8089611000001108,Glivec 100mg tablets,0801050AABBACAC
AMP,34576411000001106,Nibix 100mg capsules,0801050AABCAAAA
AMP,34576611000001109,Nibix 400mg capsules,0801050AABCABAD
AMP,41395211000001101,Bexarotene 75mg capsules,0801050ABAAAAAA
AMP,41459011000001108,Bexarotene 75mg capsules,0801050ABAAAAAA
AMP,4329311000001108,Targretin 75mg capsules,0801050ABBBAAAA
AMP,39088211000001101,Erlotinib 100mg tablets,0801050AEAAAAAA
AMP,38384211000001105,Erlotinib 100mg tablets,0801050AEAAAAAA
AMP,41205511000001108,Erlotinib 100mg tablets,0801050AEAAAAAA
AMP,41425611000001103,Erlotinib 100mg tablets,0801050AEAAAAAA
AMP,38178411000001104,Erlotinib 100mg tablets,0801050AEAAAAAA
AMP,38239611000001105,Erlotinib 100mg tablets,0801050AEAAAAAA
AMP,38094711000001103,Erlotinib 100mg tablets,0801050AEAAAAAA
AMP,38066111000001108,Erlotinib 100mg tablets,0801050AEAAAAAA
AMP,38562011000001106,Erlotinib 150mg tablets,0801050AEAAABAB
AMP,38384411000001109,Erlotinib 150mg tablets,0801050AEAAABAB
AMP,41205711000001103,Erlotinib 150mg tablets,0801050AEAAABAB
AMP,41425811000001104,Erlotinib 150mg tablets,0801050AEAAABAB
AMP,38178611000001101,Erlotinib 150mg tablets,0801050AEAAABAB
AMP,38239811000001109,Erlotinib 150mg tablets,0801050AEAAABAB
AMP,38094911000001101,Erlotinib 150mg tablets,0801050AEAAABAB
AMP,38066311000001105,Erlotinib 150mg tablets,0801050AEAAABAB
AMP,39087411000001101,Erlotinib 25mg tablets,0801050AEAAACAC
AMP,38383211000001107,Erlotinib 25mg tablets,0801050AEAAACAC
AMP,41208211000001103,Erlotinib 25mg tablets,0801050AEAAACAC
AMP,41425411000001101,Erlotinib 25mg tablets,0801050AEAAACAC
AMP,38178211000001103,Erlotinib 25mg tablets,0801050AEAAACAC
AMP,38707611000001101,Erlotinib 25mg tablets,0801050AEAAACAC
AMP,38094411000001109,Erlotinib 25mg tablets,0801050AEAAACAC
AMP,38060211000001104,Erlotinib 25mg tablets,0801050AEAAACAC
AMP,9564711000001104,Tarceva 100mg tablets,0801050AEBBAAAA
AMP,9565011000001102,Tarceva 150mg tablets,0801050AEBBABAB
AMP,11556411000001102,Tarceva 25mg tablets,0801050AEBBACAC
AMP,19671611000001105,Topotecan 1mg powder for solution for infusion vials,0801050AFAAAAAA
AMP,19633511000001107,Topotecan 1mg powder for solution for infusion vials,0801050AFAAAAAA
AMP,19671811000001109,Topotecan 4mg powder for solution for infusion vials,0801050AFAAABAB
AMP,21294711000001101,Topotecan 4mg powder for solution for infusion vials,0801050AFAAABAB
AMP,19633711000001102,Topotecan 4mg powder for solution for infusion vials,0801050AFAAABAB
VMP,39705711000001102,Topotecan 250microgram capsules,0801050AFAAACAC
VMP,39705611000001106,Topotecan 1mg capsules,0801050AFAAADAD
VMP,19627511000001104,Topotecan 4mg/4ml solution for infusion vials,0801050AFAAAEAE
AMP,29743911000001107,Topotecan 4mg/4ml concentrate for solution for infusion vials,0801050AFAAAEAE
AMP,21298711000001109,Topotecan 4mg/4ml concentrate for solution for infusion vials,0801050AFAAAEAE
AMP,19625511000001108,Topotecan 4mg/4ml concentrate for solution for infusion vials,0801050AFAAAEAE
AMP,23046711000001104,Topotecan 4mg/4ml concentrate for solution for infusion vials,0801050AFAAAEAE
AMP,24376211000001106,Topotecan 4mg/4ml concentrate for solution for infusion vials,0801050AFAAAEAE
VMP,21305811000001104,Topotecan 1mg/1ml solution for infusion vials,0801050AFAAAFAF
AMP,29743711000001105,Topotecan 1mg/1ml concentrate for solution for infusion vials,0801050AFAAAFAF
AMP,21294511000001106,Topotecan 1mg/1ml concentrate for solution for infusion vials,0801050AFAAAFAF
AMP,23047011000001103,Topotecan 1mg/1ml concentrate for solution for infusion vials,0801050AFAAAFAF
AMP,24376011000001101,Topotecan 1mg/1ml concentrate for solution for infusion vials,0801050AFAAAFAF
AMP,7315711000001109,Hycamtin 1mg powder for concentrate for solution for infusion vials,0801050AFBBAAAA
AMP,4802711000001107,Hycamtin 4mg powder for concentrate for solution for infusion vials,0801050AFBBABAB
AMP,14225911000001104,Hycamtin 0.25mg capsules,0801050AFBBACAC
AMP,14226211000001102,Hycamtin 1mg capsules,0801050AFBBADAD
AMP,24405711000001106,Potactasol 1mg powder for concentrate for solution for infusion vials,0801050AFBCAAAA
AMP,24405911000001108,Potactasol 4mg powder for concentrate for solution for infusion vials,0801050AFBCABAB
AMP,40322811000001108,Sorafenib 200mg tablets,0801050AJAAAAAA
AMP,40198111000001100,Sorafenib 200mg tablets,0801050AJAAAAAA
AMP,39802011000001106,Sorafenib 200mg tablets,0801050AJAAAAAA
AMP,10685111000001105,Nexavar 200mg tablets,0801050AJBBAAAA
AMP,40717411000001103,Sunitinib 12.5mg capsules,0801050AMAAAAAA
AMP,40583111000001104,Sunitinib 12.5mg capsules,0801050AMAAAAAA
AMP,40310711000001107,Sunitinib 12.5mg capsules,0801050AMAAAAAA
AMP,40472511000001102,Sunitinib 12.5mg capsules,0801050AMAAAAAA
AMP,40376611000001109,Sunitinib 12.5mg capsules,0801050AMAAAAAA
AMP,40237711000001105,Sunitinib 12.5mg capsules,0801050AMAAAAAA
AMP,40717611000001100,Sunitinib 25mg capsules,0801050AMAAABAB
AMP,40588111000001108,Sunitinib 25mg capsules,0801050AMAAABAB
AMP,40311311000001103,Sunitinib 25mg capsules,0801050AMAAABAB
AMP,40472711000001107,Sunitinib 25mg capsules,0801050AMAAABAB
AMP,40376811000001108,Sunitinib 25mg capsules,0801050AMAAABAB
AMP,40237911000001107,Sunitinib 25mg capsules,0801050AMAAABAB
AMP,40717811000001101,Sunitinib 50mg capsules,0801050AMAAACAC
AMP,40588411000001103,Sunitinib 50mg capsules,0801050AMAAACAC
AMP,40311711000001104,Sunitinib 50mg capsules,0801050AMAAACAC
AMP,40377011000001104,Sunitinib 50mg capsules,0801050AMAAACAC
AMP,40238111000001105,Sunitinib 50mg capsules,0801050AMAAACAC
VMP,40742411000001105,Sunitinib 37.5mg capsules,0801050AMAAADAD
AMP,40732611000001107,Sunitinib 37.5mg capsules,0801050AMAAADAD
AMP,10817411000001103,Sutent 12.5mg capsules,0801050AMBBAAAA
AMP,10817111000001108,Sutent 25mg capsules,0801050AMBBABAB
AMP,10816811000001103,Sutent 50mg capsules,0801050AMBBACAC
AMP,40187211000001108,Dasatinib 20mg tablets,0801050ANAAAAAA
AMP,41235611000001101,Dasatinib 20mg tablets,0801050ANAAAAAA
AMP,41146211000001108,Dasatinib 20mg tablets,0801050ANAAAAAA
AMP,37725411000001109,Dasatinib 20mg tablets,0801050ANAAAAAA
AMP,40187711000001101,Dasatinib 50mg tablets,0801050ANAAABAB
AMP,41236111000001103,Dasatinib 50mg tablets,0801050ANAAABAB
AMP,41146411000001107,Dasatinib 50mg tablets,0801050ANAAABAB
AMP,37725611000001107,Dasatinib 50mg tablets,0801050ANAAABAB
VMP,15410411000001101,Dasatinib 100mg tablets,0801050ANAAADAD
AMP,40189811000001101,Dasatinib 100mg tablets,0801050ANAAADAD
AMP,41237211000001106,Dasatinib 100mg tablets,0801050ANAAADAD
AMP,41145711000001109,Dasatinib 100mg tablets,0801050ANAAADAD
AMP,37726811000001103,Dasatinib 100mg tablets,0801050ANAAADAD
VMP,18470311000001105,Dasatinib 140mg tablets,0801050ANAAAEAE
AMP,40188911000001103,Dasatinib 140mg tablets,0801050ANAAAEAE
AMP,41146011000001103,Dasatinib 140mg tablets,0801050ANAAAEAE
AMP,37726211000001104,Dasatinib 140mg tablets,0801050ANAAAEAE
VMP,18470411000001103,Dasatinib 80mg tablets,0801050ANAAAFAF
AMP,40189511000001104,Dasatinib 80mg tablets,0801050ANAAAFAF
AMP,41236611000001106,Dasatinib 80mg tablets,0801050ANAAAFAF
AMP,41146611000001105,Dasatinib 80mg tablets,0801050ANAAAFAF
AMP,37726511000001101,Dasatinib 80mg tablets,0801050ANAAAFAF
VMP,37223211000001104,Dasatinib 10mg/ml oral suspension,0801050ANAAAGAG
VMP,40686011000001102,Dasatinib 15.8mg tablets,0801050ANAAAHAH
VMP,40686111000001101,Dasatinib 39.5mg tablets,0801050ANAAAIAI
VMP,40686211000001107,Dasatinib 63.2mg tablets,0801050ANAAAJAJ
VMP,40686311000001104,Dasatinib 79mg tablets,0801050ANAAAKAK
VMP,40685911000001105,Dasatinib 110.6mg tablets,0801050ANAAALAL
AMP,10985011000001105,Sprycel 20mg tablets,0801050ANBBAAAA
AMP,10985511000001102,Sprycel 50mg tablets,0801050ANBBABAB
AMP,10985811000001104,Sprycel 70mg tablets,0801050ANBBACAC
AMP,15406411000001101,Sprycel 100mg tablets,0801050ANBBADAD
AMP,18431311000001102,Sprycel 140mg tablets,0801050ANBBAEAE
AMP,18431611000001107,Sprycel 80mg tablets,0801050ANBBAFAF
AMP,37221911000001107,Sprycel 10mg/ml oral suspension,0801050ANBBAGAG
AMP,40576311000001101,Uxil 15.8mg tablets,0801050ANBCAAAH
AMP,40576611000001106,Uxil 39.5mg tablets,0801050ANBCABAI
AMP,40576911000001100,Uxil 63.2mg tablets,0801050ANBCACAJ
AMP,40577311000001103,Uxil 79.0mg tablets,0801050ANBCADAK
AMP,40577611000001108,Uxil 110.6mg tablets,0801050ANBCAEAL
VMP,18468211000001109,Nilotinib 150mg capsules,0801050ASAAABAB
VMP,37171911000001109,Nilotinib 50mg capsules,0801050ASAAACAC
AMP,13599311000001102,Tasigna 200mg capsules,0801050ASBBAAAA
AMP,18448611000001103,Tasigna 150mg capsules,0801050ASBBABAB
AMP,37141811000001103,Tasigna 50mg capsules,0801050ASBBACAC
VMP,39697211000001105,Lapatinib 250mg tablets,0801050ATAAAAAA
AMP,13667811000001109,Tyverb 250mg tablets,0801050ATBBAAAA
AMP,37561211000001104,Gefitinib 250mg tablets,0801050AWAAAAAA
AMP,37427211000001107,Gefitinib 250mg tablets,0801050AWAAAAAA
AMP,37382611000001108,Gefitinib 250mg tablets,0801050AWAAAAAA
AMP,37490911000001105,Gefitinib 250mg tablets,0801050AWAAAAAA
AMP,37280611000001104,Gefitinib 250mg tablets,0801050AWAAAAAA
AMP,37224911000001105,Gefitinib 250mg tablets,0801050AWAAAAAA
AMP,37977511000001106,Gefitinib 250mg tablets,0801050AWAAAAAA
AMP,37753911000001101,Gefitinib 250mg tablets,0801050AWAAAAAA
AMP,15978511000001108,Iressa 250mg tablets,0801050AWBBAAAA
AMP,16055511000001105,Afinitor 5mg tablets,0801050AXBBAAAA
AMP,16056111000001107,Afinitor 10mg tablets,0801050AXBBABAB
AMP,24104211000001101,Afinitor 2.5mg tablets,0801050AXBBACAC
VMP,39702011000001109,Pazopanib 200mg tablets,0801050AZAAAAAA
VMP,39702111000001105,Pazopanib 400mg tablets,0801050AZAAABAB
AMP,17462311000001107,Votrient 200mg tablets,0801050AZBBAAAA
AMP,17462011000001109,Votrient 400mg tablets,0801050AZBBABAB
VMP,20114011000001106,Vemurafenib 240mg tablets,0801050BDAAAAAA
AMP,20106311000001101,Zelboraf 240mg tablets,0801050BDBBAAAA
VMP,20363411000001107,Vandetanib 100mg tablets,0801050BGAAAAAA
VMP,20363511000001106,Vandetanib 300mg tablets,0801050BGAAABAB
AMP,20358611000001109,Caprelsa 100mg tablets,0801050BGBBAAAA
AMP,20358911000001103,Caprelsa 300mg tablets,0801050BGBBABAB
VMP,21510211000001109,Axitinib 1mg tablets,0801050BJAAAAAA
VMP,21510311000001101,Axitinib 5mg tablets,0801050BJAAABAB
VMP,24509111000001104,Axitinib 7mg tablets,0801050BJAAACAC
VMP,24509011000001100,Axitinib 3mg tablets,0801050BJAAADAD
AMP,21506111000001103,Inlyta 1mg tablets,0801050BJBBAAAA
AMP,21505811000001102,Inlyta 5mg tablets,0801050BJBBABAB
AMP,24507811000001103,Inlyta 7mg tablets,0801050BJBBACAC
AMP,24508111000001106,Inlyta 3mg tablets,0801050BJBBADAD
VMP,39734111000001109,Bosutinib 100mg tablets,0801050BLAAAAAA
VMP,39734211000001103,Bosutinib 500mg tablets,0801050BLAAABAB
VMP,35599711000001108,Bosutinib 400mg tablets,0801050BLAAACAC
AMP,22697611000001102,Bosulif 100mg tablets,0801050BLBBAAAA
AMP,22697911000001108,Bosulif 500mg tablets,0801050BLBBABAB
AMP,35597411000001106,Bosulif 400mg tablets,0801050BLBBACAC
AMP,22764011000001107,Erivedge 150mg capsules,0801050BMBBAAAA
AMP,23269311000001106,Stivarga 40mg tablets,0801050BNBBAAAA
VMP,39726211000001106,Afatinib 30mg tablets,0801050BPAAAAAA
VMP,39727811000001109,Afatinib 40mg tablets,0801050BPAAABAB
VMP,39726011000001101,Afatinib 20mg tablets,0801050BPAAACAC
VMP,23905211000001104,Afatinib 50mg tablets,0801050BPAAADAD
AMP,23410511000001105,Gilotrif 30mg tablets,0801050BPBBAAAA
AMP,23410811000001108,Gilotrif 40mg tablets,0801050BPBBABAB
AMP,23411111000001107,Gilotrif 20mg tablets,0801050BPBBACAC
AMP,23855511000001104,Giotrif 20mg tablets,0801050BPBCAAAC
AMP,23858411000001108,Giotrif 30mg tablets,0801050BPBCABAA
AMP,23859211000001104,Giotrif 40mg tablets,0801050BPBCACAB
AMP,23861011000001101,Giotrif 50mg tablets,0801050BPBCADAD
VMP,34819011000001103,Ponatinib 30mg tablets,0801050BQAAACAC
AMP,23582311000001108,Iclusig 15mg tablets,0801050BQBBAAAA
AMP,23582911000001109,Iclusig 45mg tablets,0801050BQBBABAB
AMP,34794011000001101,Iclusig 30mg tablets,0801050BQBBACAC
VMP,28012311000001106,Cabozantinib 20mg capsules,0801050BRAAAAAA
VMP,28012411000001104,Cabozantinib 20mg capsules and Cabozantinib 80mg capsules,0801050BRAAABAB
VMP,33630911000001109,Cabozantinib 20mg tablets,0801050BRAAACAC
VMP,33631011000001101,Cabozantinib 40mg tablets,0801050BRAAADAD
VMP,33657311000001105,Cabozantinib 60mg tablets,0801050BRAAAEAE
AMP,28009911000001104,Cometriq 20mg capsules,0801050BRBBAAAA
AMP,28010711000001106,Cometriq 20mg capsules and Cometriq 80mg capsules,0801050BRBBABAB
AMP,33622811000001100,Cabometyx 20mg tablets,0801050BRBCAAAC
AMP,33623111000001101,Cabometyx 40mg tablets,0801050BRBCABAD
AMP,33632811000001103,Cabometyx 60mg tablets,0801050BRBCACAE
VMP,28395011000001103,Ibrutinib 140mg capsules,0801050BSAAAAAA
VMP,37493411000001105,Ibrutinib 140mg tablets,0801050BSAAABAB
VMP,37493511000001109,Ibrutinib 280mg tablets,0801050BSAAACAC
VMP,37493611000001108,Ibrutinib 420mg tablets,0801050BSAAADAD
VMP,37493711000001104,Ibrutinib 560mg tablets,0801050BSAAAEAE
AMP,28282411000001107,Imbruvica 140mg capsules,0801050BSBBAAAA
AMP,37492911000001109,Imbruvica 140mg tablets,0801050BSBBABAB
AMP,37493211000001106,Imbruvica 280mg tablets,0801050BSBBACAC
AMP,37492311000001108,Imbruvica 420mg tablets,0801050BSBBADAD
AMP,37492611000001103,Imbruvica 560mg tablets,0801050BSBBAEAE
AMP,28782311000001106,Vargatef 100mg capsules,0801050BTBBAAAA
AMP,28782611000001101,Vargatef 150mg capsules,0801050BTBBABAB
VMP,29889011000001101,Lenvatinib 4mg capsules,0801050BVAAAAAA
VMP,29888911000001105,Lenvatinib 10mg capsules,0801050BVAAABAB
AMP,29865011000001101,Lenvima 4mg capsules,0801050BVBBAAAA
AMP,29865311000001103,Lenvima 10mg capsules,0801050BVBBABAB
AMP,33561411000001108,Kisplyx 4mg capsules,0801050BVBCAAAA
AMP,33561611000001106,Kisplyx 10mg capsules,0801050BVBCABAB
VMP,32420011000001101,Panobinostat 20mg capsules,0801050BWAAAAAA
VMP,32419811000001108,Panobinostat 10mg capsules,0801050BWAAABAB
VMP,32419911000001103,Panobinostat 15mg capsules,0801050BWAAACAC
AMP,32404611000001107,Farydak 20mg capsules,0801050BWBBAAAA
AMP,32403511000001105,Farydak 10mg capsules,0801050BWBBABAB
AMP,32404311000001102,Farydak 15mg capsules,0801050BWBBACAC
VMP,29768811000001101,Olaparib 50mg capsules,0801050BYAAAAAA
VMP,35514811000001103,Olaparib 100mg tablets,0801050BYAAABAB
VMP,35514911000001108,Olaparib 150mg tablets,0801050BYAAACAC
AMP,29747411000001106,Lynparza 50mg capsules,0801050BYBBAAAA
AMP,35498711000001106,Lynparza 100mg tablets,0801050BYBBABAB
AMP,35499011000001104,Lynparza 150mg tablets,0801050BYBBACAC
VMP,33734311000001109,Palbociclib 75mg capsules,0801050CBAAAAAA
VMP,33734111000001107,Palbociclib 100mg capsules,0801050CBAAABAB
VMP,33734211000001101,Palbociclib 125mg capsules,0801050CBAAACAC
VMP,39343711000001108,Palbociclib 100mg tablets,0801050CBAAADAD
VMP,39343811000001100,Palbociclib 125mg tablets,0801050CBAAAEAE
VMP,39343911000001105,Palbociclib 75mg tablets,0801050CBAAAFAF
AMP,33692311000001102,Ibrance 75mg capsules,0801050CBBBAAAA
AMP,33692711000001103,Ibrance 100mg capsules,0801050CBBBABAB
AMP,33693111000001105,Ibrance 125mg capsules,0801050CBBBACAC
AMP,39271911000001104,Ibrance 100mg tablets,0801050CBBBADAD
AMP,39274011000001100,Ibrance 125mg tablets,0801050CBBBAEAE
AMP,39275111000001100,Ibrance 75mg tablets,0801050CBBBAFAF
VMP,34023311000001106,Ixazomib 2.3mg capsules,0801050CCAAAAAA
VMP,34023411000001104,Ixazomib 3mg capsules,0801050CCAAABAB
VMP,34023511000001100,Ixazomib 4mg capsules,0801050CCAAACAC
AMP,34021011000001107,Ninlaro 2.3mg capsules,0801050CCBBAAAA
AMP,34020411000001107,Ninlaro 3mg capsules,0801050CCBBABAB
AMP,34021411000001103,Ninlaro 4mg capsules,0801050CCBBACAC
VMP,34235411000001108,Alectinib 150mg capsules,0801050CDAAAAAA
AMP,34197911000001101,Alecensa 150mg capsules,0801050CDBBAAAA
VMP,32704211000001100,Osimertinib 40mg tablets,0801050CGAAAAAA
VMP,32704311000001108,Osimertinib 80mg tablets,0801050CGAAABAB
AMP,32700811000001109,Tagrisso 40mg tablets,0801050CGBBAAAA
AMP,32701411000001103,Tagrisso 80mg tablets,0801050CGBBABAB
VMP,31088511000001109,Trametinib 500micrograms tablets,0801050CHAAAAAA
VMP,25964511000001108,Trametinib 2mg tablets,0801050CHAAABAB
AMP,31079711000001101,Mekinist 0.5mg tablets,0801050CHBBAAAA
AMP,31079211000001108,Mekinist 2mg tablets,0801050CHBBABAB
VMP,31306611000001107,Cobimetinib 20mg tablets,0801050CIAAAAAA
AMP,31257011000001101,Cotellic 20mg tablets,0801050CIBBAAAA
VMP,35018311000001100,Niraparib 100mg capsules,0801050CJAAAAAA
AMP,35017411000001108,Zejula 100mg capsules,0801050CJBBAAAA
VMP,36237011000001104,Abemaciclib 100mg tablets,0801050CLAAAAAA
VMP,36237111000001103,Abemaciclib 150mg tablets,0801050CLAAABAB
VMP,36237211000001109,Abemaciclib 50mg tablets,0801050CLAAACAC
AMP,36113011000001100,Verzenios 100mg tablets,0801050CLBBAAAA
AMP,36114511000001106,Verzenios 150mg tablets,0801050CLBBABAB
AMP,36111711000001104,Verzenios 50mg tablets,0801050CLBBACAC
VMP,36392911000001100,Encorafenib 75mg capsules,0801050CMAAAAAA
VMP,36392811000001105,Encorafenib 50mg capsules,0801050CMAAABAB
AMP,36282711000001106,Braftovi 75mg capsules,0801050CMBBAAAA
AMP,36284211000001108,Braftovi 50mg capsules,0801050CMBBABAB
VMP,36391411000001103,Binimetinib 15mg tablets,0801050CNAAAAAA
AMP,36285111000001103,Mektovi 15mg tablets,0801050CNBBAAAA
VMP,36594911000001107,Brigatinib 180mg tablets,0801050CPAAAAAA
VMP,36595011000001107,Brigatinib 30mg tablets,0801050CPAAABAB
VMP,36595111000001108,Brigatinib 90mg tablets,0801050CPAAACAC
VMP,37854711000001104,Brigatinib 90mg tablets and Brigatinib 180mg tablets,0801050CPAAADAD
AMP,36589711000001107,Alunbrig 180mg tablets,0801050CPBBAAAA
AMP,36590811000001107,Alunbrig 30mg tablets,0801050CPBBABAB
AMP,36591711000001107,Alunbrig 90mg tablets,0801050CPBBACAC
AMP,37850511000001100,Alunbrig 90mg/180mg tablets treatment initiation pack,0801050CPBBADAD
VMP,37247811000001107,Dacomitinib 15mg tablets,0801050CQAAAAAA
VMP,37247911000001102,Dacomitinib 30mg tablets,0801050CQAAABAB
VMP,37248011000001100,Dacomitinib 45mg tablets,0801050CQAAACAC
AMP,37228111000001101,Vizimpro 15mg tablets,0801050CQBBAAAA
AMP,37228411000001106,Vizimpro 30mg tablets,0801050CQBBABAB
AMP,37227811000001109,Vizimpro 45mg tablets,0801050CQBBACAC
VMP,34814111000001103,Ribociclib 200mg tablets,0801050CRAAAAAA
AMP,34814511000001107,Kisqali 200mg tablets,0801050CRBBAAAA
VMP,40689311000001106,Zanubrutinib 80mg capsules,0801050CSAAAAAA
AMP,40604811000001102,Brukinsa 80mg capsules,0801050CSBBAAAA
AMP,4998511000001107,Procarbazine 50mg capsules,0801050U0AAAAAA
AMP,4998911000001100,Procarbazine 50mg capsules,0801050U0AAAAAA
AMP,4998711000001102,Procarbazine 50mg capsules,0801050U0AAAAAA
AMP,17291911000001101,Temozolomide 100mg capsules,0801050Y0AAAAAA
AMP,30789911000001103,Temozolomide 100mg capsules,0801050Y0AAAAAA
AMP,28796311000001106,Temozolomide 100mg capsules,0801050Y0AAAAAA
AMP,17063911000001109,Temozolomide 100mg capsules,0801050Y0AAAAAA
AMP,23950411000001104,Temozolomide 100mg capsules,0801050Y0AAAAAA
AMP,17169611000001108,Temozolomide 100mg capsules,0801050Y0AAAAAA
AMP,19828211000001106,Temozolomide 100mg capsules,0801050Y0AAAAAA
AMP,21786011000001104,Temozolomide 100mg capsules,0801050Y0AAAAAA
AMP,25553811000001107,Temozolomide 100mg capsules,0801050Y0AAAAAA
AMP,17292511000001100,Temozolomide 250mg capsules,0801050Y0AAABAB
AMP,30790611000001104,Temozolomide 250mg capsules,0801050Y0AAABAB
AMP,28796911000001107,Temozolomide 250mg capsules,0801050Y0AAABAB
AMP,17063511000001102,Temozolomide 250mg capsules,0801050Y0AAABAB
AMP,23951211000001109,Temozolomide 250mg capsules,0801050Y0AAABAB
AMP,17170211000001108,Temozolomide 250mg capsules,0801050Y0AAABAB
AMP,25555511000001108,Temozolomide 250mg capsules,0801050Y0AAABAB
AMP,17291511000001108,Temozolomide 5mg capsules,0801050Y0AAACAC
AMP,30788811000001101,Temozolomide 5mg capsules,0801050Y0AAACAC
AMP,28795911000001100,Temozolomide 5mg capsules,0801050Y0AAACAC
AMP,17065111000001107,Temozolomide 5mg capsules,0801050Y0AAACAC
AMP,22479811000001103,Temozolomide 5mg capsules,0801050Y0AAACAC
AMP,17169211000001106,Temozolomide 5mg capsules,0801050Y0AAACAC
AMP,25553011000001101,Temozolomide 5mg capsules,0801050Y0AAACAC
AMP,17291711000001103,Temozolomide 20mg capsules,0801050Y0AAADAD
AMP,30789111000001101,Temozolomide 20mg capsules,0801050Y0AAADAD
AMP,28796111000001109,Temozolomide 20mg capsules,0801050Y0AAADAD
AMP,17064711000001109,Temozolomide 20mg capsules,0801050Y0AAADAD
AMP,23951011000001104,Temozolomide 20mg capsules,0801050Y0AAADAD
AMP,17169411000001105,Temozolomide 20mg capsules,0801050Y0AAADAD
AMP,19828411000001105,Temozolomide 20mg capsules,0801050Y0AAADAD
AMP,21785811000001102,Temozolomide 20mg capsules,0801050Y0AAADAD
AMP,25553511000001109,Temozolomide 20mg capsules,0801050Y0AAADAD
VMP,12564211000001102,Temozolomide 140mg capsules,0801050Y0AAAEAE
AMP,17292111000001109,Temozolomide 140mg capsules,0801050Y0AAAEAE
AMP,30790111000001107,Temozolomide 140mg capsules,0801050Y0AAAEAE
AMP,28796511000001100,Temozolomide 140mg capsules,0801050Y0AAAEAE
AMP,17400011000001106,Temozolomide 140mg capsules,0801050Y0AAAEAE
AMP,23950611000001101,Temozolomide 140mg capsules,0801050Y0AAAEAE
AMP,17169811000001107,Temozolomide 140mg capsules,0801050Y0AAAEAE
AMP,25554711000001102,Temozolomide 140mg capsules,0801050Y0AAAEAE
VMP,12564311000001105,Temozolomide 180mg capsules,0801050Y0AAAFAF
AMP,17292311000001106,Temozolomide 180mg capsules,0801050Y0AAAFAF
AMP,30790311000001109,Temozolomide 180mg capsules,0801050Y0AAAFAF
AMP,28796711000001105,Temozolomide 180mg capsules,0801050Y0AAAFAF
AMP,17401211000001107,Temozolomide 180mg capsules,0801050Y0AAAFAF
AMP,23950811000001102,Temozolomide 180mg capsules,0801050Y0AAAFAF
AMP,17170011000001103,Temozolomide 180mg capsules,0801050Y0AAAFAF
AMP,25555011000001100,Temozolomide 180mg capsules,0801050Y0AAAFAF
AMP,4420511000001103,Temodal 100mg capsules,0801050Y0BBAAAA
AMP,4420811000001100,Temodal 250mg capsules,0801050Y0BBABAB
AMP,10072211000001108,Temodal 5mg capsules,0801050Y0BBACAC
AMP,4420211000001101,Temodal 20mg capsules,0801050Y0BBADAD
AMP,12557211000001100,Temodal 140mg capsules,0801050Y0BBAEAE
AMP,12557511000001102,Temodal 180mg capsules,0801050Y0BBAFAF
AMP,17652411000001109,Temomedac 5mg capsules,0801050Y0BCAAAC
AMP,17652811000001106,Temomedac 20mg capsules,0801050Y0BCABAD
AMP,17653011000001109,Temomedac 100mg capsules,0801050Y0BCACAA
AMP,17653211000001104,Temomedac 140mg capsules,0801050Y0BCADAE
AMP,17653411000001100,Temomedac 180mg capsules,0801050Y0BCAEAF
AMP,17653611000001102,Temomedac 250mg capsules,0801050Y0BCAFAB
AMP,39416811000001106,Thalidomide 50mg capsules,0802040AAAAAAAA
AMP,10192911000001103,Thalidomide 50mg capsules,0802040AAAAAAAA
AMP,13851311000001109,Thalidomide BMS 50mg capsules,0802040AABBAAAA
AMP,23070511000001108,Tafinlar 50mg capsules,0802040AIBBAAAA
AMP,23070811000001106,Tafinlar 75mg capsules,0802040AIBBABAB
AMP,23285111000001105,Imnovid 1mg capsules,0802040AJBBAAAA
AMP,23285411000001100,Imnovid 2mg capsules,0802040AJBBABAB
AMP,23285711000001106,Imnovid 3mg capsules,0802040AJBBACAC
AMP,23286011000001100,Imnovid 4mg capsules,0802040AJBBADAD
VMP,35040811000001100,Tivozanib 1340microgram capsules,0802040BAAAAAAA
VMP,35750511000001103,Tivozanib 890microgram capsules,0802040BAAAABAB
AMP,35040411000001102,Fotivda 1340microgram capsules,0802040BABBAAAA
AMP,35735711000001102,Fotivda 890microgram capsules,0802040BABBABAB
AMP,40930711000001108,Lenalidomide 5mg capsules,0802040Y0AAAAAA
AMP,41331411000001106,Lenalidomide 5mg capsules,0802040Y0AAAAAA
AMP,41488511000001100,Lenalidomide 5mg capsules,0802040Y0AAAAAA
AMP,41430411000001105,Lenalidomide 5mg capsules,0802040Y0AAAAAA
AMP,41334911000001100,Lenalidomide 5mg capsules,0802040Y0AAAAAA
AMP,40303711000001100,Lenalidomide 5mg capsules,0802040Y0AAAAAA
AMP,40273911000001101,Lenalidomide 5mg capsules,0802040Y0AAAAAA
AMP,40623011000001102,Lenalidomide 5mg capsules,0802040Y0AAAAAA
AMP,40464911000001106,Lenalidomide 5mg capsules,0802040Y0AAAAAA
AMP,40656611000001102,Lenalidomide 5mg capsules,0802040Y0AAAAAA
AMP,40245311000001102,Lenalidomide 5mg capsules,0802040Y0AAAAAA
AMP,40277711000001108,Lenalidomide 5mg capsules,0802040Y0AAAAAA
AMP,40931611000001109,Lenalidomide 10mg capsules,0802040Y0AAABAB
AMP,41331811000001108,Lenalidomide 10mg capsules,0802040Y0AAABAB
AMP,41488911000001107,Lenalidomide 10mg capsules,0802040Y0AAABAB
AMP,41430911000001102,Lenalidomide 10mg capsules,0802040Y0AAABAB
AMP,41335311000001102,Lenalidomide 10mg capsules,0802040Y0AAABAB
AMP,40304111000001104,Lenalidomide 10mg capsules,0802040Y0AAABAB
AMP,40274311000001100,Lenalidomide 10mg capsules,0802040Y0AAABAB
AMP,40623911000001103,Lenalidomide 10mg capsules,0802040Y0AAABAB
AMP,40465311000001109,Lenalidomide 10mg capsules,0802040Y0AAABAB
AMP,40654711000001102,Lenalidomide 10mg capsules,0802040Y0AAABAB
AMP,40244511000001107,Lenalidomide 10mg capsules,0802040Y0AAABAB
AMP,40278811000001101,Lenalidomide 10mg capsules,0802040Y0AAABAB
VMP,11762911000001102,Lenalidomide 15mg capsules,0802040Y0AAACAC
AMP,40932411000001101,Lenalidomide 15mg capsules,0802040Y0AAACAC
AMP,41332211000001100,Lenalidomide 15mg capsules,0802040Y0AAACAC
AMP,41489111000001102,Lenalidomide 15mg capsules,0802040Y0AAACAC
AMP,41431111000001106,Lenalidomide 15mg capsules,0802040Y0AAACAC
AMP,41335511000001108,Lenalidomide 15mg capsules,0802040Y0AAACAC
AMP,40304311000001102,Lenalidomide 15mg capsules,0802040Y0AAACAC
AMP,40274511000001106,Lenalidomide 15mg capsules,0802040Y0AAACAC
AMP,40624111000001104,Lenalidomide 15mg capsules,0802040Y0AAACAC
AMP,40465511000001103,Lenalidomide 15mg capsules,0802040Y0AAACAC
AMP,40654911000001100,Lenalidomide 15mg capsules,0802040Y0AAACAC
AMP,40244811000001105,Lenalidomide 15mg capsules,0802040Y0AAACAC
AMP,40279011000001102,Lenalidomide 15mg capsules,0802040Y0AAACAC
VMP,11763011000001105,Lenalidomide 25mg capsules,0802040Y0AAADAD
AMP,40932211000001100,Lenalidomide 25mg capsules,0802040Y0AAADAD
AMP,41332011000001105,Lenalidomide 25mg capsules,0802040Y0AAADAD
AMP,41489511000001106,Lenalidomide 25mg capsules,0802040Y0AAADAD
AMP,41431511000001102,Lenalidomide 25mg capsules,0802040Y0AAADAD
AMP,41335911000001101,Lenalidomide 25mg capsules,0802040Y0AAADAD
AMP,40304711000001103,Lenalidomide 25mg capsules,0802040Y0AAADAD
AMP,40274911000001104,Lenalidomide 25mg capsules,0802040Y0AAADAD
AMP,40622111000001107,Lenalidomide 25mg capsules,0802040Y0AAADAD
AMP,40465911000001105,Lenalidomide 25mg capsules,0802040Y0AAADAD
AMP,40656411000001100,Lenalidomide 25mg capsules,0802040Y0AAADAD
AMP,40244311000001101,Lenalidomide 25mg capsules,0802040Y0AAADAD
AMP,40279211000001107,Lenalidomide 25mg capsules,0802040Y0AAADAD
VMP,23344511000001104,Lenalidomide 2.5mg capsules,0802040Y0AAAEAE
AMP,40930311000001109,Lenalidomide 2.5mg capsules,0802040Y0AAAEAE
AMP,41331211000001107,Lenalidomide 2.5mg capsules,0802040Y0AAAEAE
AMP,41488311000001106,Lenalidomide 2.5mg capsules,0802040Y0AAAEAE
AMP,41430111000001100,Lenalidomide 2.5mg capsules,0802040Y0AAAEAE
AMP,41334711000001102,Lenalidomide 2.5mg capsules,0802040Y0AAAEAE
AMP,40273711000001103,Lenalidomide 2.5mg capsules,0802040Y0AAAEAE
AMP,40622611000001104,Lenalidomide 2.5mg capsules,0802040Y0AAAEAE
AMP,40464711000001109,Lenalidomide 2.5mg capsules,0802040Y0AAAEAE
AMP,40655111000001104,Lenalidomide 2.5mg capsules,0802040Y0AAAEAE
AMP,40245511000001108,Lenalidomide 2.5mg capsules,0802040Y0AAAEAE
VMP,29903811000001104,Lenalidomide 7.5mg capsules,0802040Y0AAAFAF
AMP,40931211000001107,Lenalidomide 7.5mg capsules,0802040Y0AAAFAF
AMP,41331611000001109,Lenalidomide 7.5mg capsules,0802040Y0AAAFAF
AMP,41488711000001105,Lenalidomide 7.5mg capsules,0802040Y0AAAFAF
AMP,41430711000001104,Lenalidomide 7.5mg capsules,0802040Y0AAAFAF
AMP,41335111000001104,Lenalidomide 7.5mg capsules,0802040Y0AAAFAF
AMP,40303911000001103,Lenalidomide 7.5mg capsules,0802040Y0AAAFAF
AMP,40274111000001102,Lenalidomide 7.5mg capsules,0802040Y0AAAFAF
AMP,40623711000001100,Lenalidomide 7.5mg capsules,0802040Y0AAAFAF
AMP,40465111000001107,Lenalidomide 7.5mg capsules,0802040Y0AAAFAF
AMP,40656811000001103,Lenalidomide 7.5mg capsules,0802040Y0AAAFAF
AMP,40246311000001107,Lenalidomide 7.5mg capsules,0802040Y0AAAFAF
VMP,29903711000001107,Lenalidomide 20mg capsules,0802040Y0AAAGAG
AMP,40932011000001105,Lenalidomide 20mg capsules,0802040Y0AAAGAG
AMP,41332411000001101,Lenalidomide 20mg capsules,0802040Y0AAAGAG
AMP,41489311000001100,Lenalidomide 20mg capsules,0802040Y0AAAGAG
AMP,41431311000001108,Lenalidomide 20mg capsules,0802040Y0AAAGAG
AMP,41335711000001103,Lenalidomide 20mg capsules,0802040Y0AAAGAG
AMP,40304511000001108,Lenalidomide 20mg capsules,0802040Y0AAAGAG
AMP,40274711000001101,Lenalidomide 20mg capsules,0802040Y0AAAGAG
AMP,40624311000001102,Lenalidomide 20mg capsules,0802040Y0AAAGAG
AMP,40465711000001108,Lenalidomide 20mg capsules,0802040Y0AAAGAG
AMP,40655311000001102,Lenalidomide 20mg capsules,0802040Y0AAAGAG
AMP,40246011000001109,Lenalidomide 20mg capsules,0802040Y0AAAGAG
AMP,11755211000001108,Revlimid 5mg capsules,0802040Y0BBAAAA
AMP,11755711000001101,Revlimid 10mg capsules,0802040Y0BBABAB
AMP,11756011000001107,Revlimid 15mg capsules,0802040Y0BBACAC
AMP,11756511000001104,Revlimid 25mg capsules,0802040Y0BBADAD
AMP,23307411000001100,Revlimid 2.5mg capsules,0802040Y0BBAEAE
AMP,29894911000001104,Revlimid 7.5mg capsules,0802040Y0BBAFAF
AMP,29895411000001108,Revlimid 20mg capsules,0802040Y0BBAGAG
VMP,19524511000001101,Abiraterone 250mg tablets,0803042T0AAAAAA
AMP,41525611000001107,Abiraterone 250mg tablets,0803042T0AAAAAA
AMP,40992611000001108,Abiraterone 250mg tablets,0803042T0AAAAAA
VMP,34155711000001100,Abiraterone 500mg tablets,0803042T0AAABAB
AMP,41159811000001101,Abiraterone 500mg tablets,0803042T0AAABAB
AMP,41127111000001101,Abiraterone 500mg tablets,0803042T0AAABAB
AMP,40959211000001109,Abiraterone 500mg tablets,0803042T0AAABAB
AMP,41416411000001102,Abiraterone 500mg tablets,0803042T0AAABAB
AMP,40982411000001106,Abiraterone 500mg tablets,0803042T0AAABAB
AMP,41525911000001101,Abiraterone 500mg tablets,0803042T0AAABAB
AMP,41073711000001103,Abiraterone 500mg tablets,0803042T0AAABAB
AMP,41065011000001105,Abiraterone 500mg tablets,0803042T0AAABAB
AMP,41340611000001103,Abiraterone 500mg tablets,0803042T0AAABAB
AMP,40834011000001108,Abiraterone 500mg tablets,0803042T0AAABAB
AMP,41082011000001103,Abiraterone 500mg tablets,0803042T0AAABAB
AMP,41008411000001105,Abiraterone 500mg tablets,0803042T0AAABAB
AMP,41050811000001102,Abiraterone 500mg tablets,0803042T0AAABAB
AMP,40771911000001109,Abiraterone 500mg tablets,0803042T0AAABAB
AMP,41345711000001102,Abiraterone 500mg tablets,0803042T0AAABAB
AMP,40788411000001102,Abiraterone 500mg tablets,0803042T0AAABAB
VMP,40917111000001102,Abiraterone 1g tablets,0803042T0AAACAC
AMP,40833811000001100,Abiraterone 1g tablets,0803042T0AAACAC
AMP,40772411000001106,Abiraterone 1g tablets,0803042T0AAACAC
AMP,19524311000001107,Zytiga 250mg tablets,0803042T0BBAAAA
AMP,34065611000001109,Zytiga 500mg tablets,0803042T0BBABAB
VMP,37752511000001101,Enzalutamide 40mg tablets,0803042U0AAABAB
AMP,22644411000001101,Xtandi 40mg capsules,0803042U0BBAAAA
AMP,37570911000001105,Xtandi 40mg tablets,0803042U0BBABAB
VMP,36786711000001103,Apalutamide 60mg tablets,0803042V0AAAAAA
AMP,36746211000001100,Erleada 60mg tablets,0803042V0BBAAAA
